{
  "A_staged_EB_plus_Hawkes": {
    "test_nll": 0.3958018604057803,
    "test_nll_eb_only": 0.40958807234872613,
    "c": 0.8261703812940764,
    "alpha_norm": 0.01610049296492457,
    "alpha": [
      0.0029400267655477954,
      0.0,
      0.0008974517731429676,
      0.00028976418547695104,
      0.0,
      0.0008432243422881911,
      0.004235140642281024,
      0.0,
      0.0,
      0.015200174005971696
    ]
  },
  "B_joint_lambda_l2_0.0": {
    "test_nll": 0.3980767699777517,
    "alpha_norm": 0.02567642280161686,
    "alpha": [
      0.004224647905927231,
      0.00022828830622954681,
      0.0010535070850264438,
      0.0008181422417858344,
      0.0,
      0.0,
      0.0014742527705438534,
      0.0023833658653393728,
      0.0,
      0.02513455458968902
    ],
    "lambda_l2": 0.0,
    "lambda_stats": {
      "mean": 0.7375405894417656,
      "median": 0.48824336420098624,
      "std": 1.0238390929473338,
      "p05": 0.003221877943560721,
      "p95": 1.9244660717894386,
      "frac_at_lower_bound": 0.048063415613084484
    },
    "fit_info": {
      "converged": false,
      "n_iter": 400,
      "final_nll": 533115.8031724326,
      "message": "STOP: TOTAL NO. OF ITERATIONS REACHED LIMIT"
    }
  },
  "B_joint_lambda_l2_1.0": {
    "test_nll": 0.39507699107853256,
    "alpha_norm": 0.032373448497977006,
    "alpha": [
      0.0038004504917345857,
      0.0005188375238187916,
      0.0,
      0.0019182359533792776,
      0.0,
      0.0,
      0.0014037254327938836,
      0.0020139239978740346,
      0.0,
      0.03199408675368308
    ],
    "lambda_l2": 1.0,
    "lambda_stats": {
      "mean": 0.6493812170102603,
      "median": 0.36932669323848016,
      "std": 0.8149433511894334,
      "p05": 0.03376044202750995,
      "p95": 1.9696193750383026,
      "frac_at_lower_bound": 0.026389725065221754
    },
    "fit_info": {
      "converged": false,
      "n_iter": 400,
      "final_nll": 539741.9253905857,
      "message": "STOP: TOTAL NO. OF ITERATIONS REACHED LIMIT"
    }
  },
  "B_joint_lambda_l2_10.0": {
    "test_nll": 0.3968289566447313,
    "alpha_norm": 0.05696224368806556,
    "alpha": [
      0.0022561132126439004,
      0.0,
      0.0,
      0.0,
      0.0,
      0.0,
      0.0031768549366605475,
      0.0,
      0.0,
      0.05682881972962058
    ],
    "lambda_l2": 10.0,
    "lambda_stats": {
      "mean": 0.718114597052676,
      "median": 0.6150137405401489,
      "std": 0.38412552169482445,
      "p05": 0.31044566962560105,
      "p95": 1.4621851898079623,
      "frac_at_lower_bound": 0.0
    },
    "fit_info": {
      "converged": true,
      "n_iter": 61,
      "final_nll": 574905.8386674783,
      "message": "CONVERGENCE: RELATIVE REDUCTION OF F <= FACTR*EPSMCH"
    }
  },
  "B_joint_lambda_l2_100.0": {
    "test_nll": 0.4187093007560263,
    "alpha_norm": 0.07149445955039142,
    "alpha": [
      0.0009304448930701613,
      0.0,
      0.0,
      0.0,
      0.0,
      0.0,
      0.0024516517125589853,
      0.0,
      0.0,
      0.07144635345896823
    ],
    "lambda_l2": 100.0,
    "lambda_stats": {
      "mean": 0.9606196771598468,
      "median": 0.9461137788495537,
      "std": 0.053579346980464626,
      "p05": 0.9053107401698148,
      "p95": 1.0660067715066717,
      "frac_at_lower_bound": 0.0
    },
    "fit_info": {
      "converged": true,
      "n_iter": 55,
      "final_nll": 604193.5161290016,
      "message": "CONVERGENCE: RELATIVE REDUCTION OF F <= FACTR*EPSMCH"
    }
  },
  "REF_lambda_only_l2_0.0": {
    "test_nll": 0.421287676785132,
    "lambda_l2": 0.0
  },
  "REF_lambda_only_l2_1.0": {
    "test_nll": 0.41933004158911996,
    "lambda_l2": 1.0
  },
  "REF_lambda_only_l2_10.0": {
    "test_nll": 0.4213765548853078,
    "lambda_l2": 10.0
  },
  "REF_lambda_only_l2_100.0": {
    "test_nll": 0.4430411839006652,
    "lambda_l2": 100.0
  }
}