{
  "n_pairs": 169,
  "n_blocks": 13,
  "in_fold": {
    "n": 13,
    "mean_nll": 0.3630068966611501,
    "median_nll": 0.3559740859124786,
    "std_nll": 0.03565234568999168
  },
  "out_of_fold_all": {
    "n": 156,
    "mean_nll": 0.36268561560632623,
    "median_nll": 0.35912146969100844,
    "std_nll": 0.03249595651521502
  },
  "next_block_only": {
    "n": 12,
    "mean_nll": 0.3647865450727901,
    "median_nll": 0.35645613774867835,
    "std_nll": 0.030474480150926665
  }
}