,searches,search_to_cart,search_to_ord,cat_to_cart,cat_to_ord,to_cart,to_ord
searches,1.0,0.5594895460835144,0.4725311916016599,0.10127418509617962,0.07828619511171489,0.5528063866835781,0.4702059401125191
search_to_cart,0.5594895460835144,1.0,0.57542265504929,0.1251919048088015,0.06283863888277273,0.975736274305506,0.5660788718620643
search_to_ord,0.4725311916016599,0.57542265504929,1.0,0.06491433571286231,0.08981935188922764,0.5598886121383333,0.9798768806470343
cat_to_cart,0.10127418509617962,0.1251919048088015,0.06491433571286231,1.0,0.4979386122235657,0.3393808437032354,0.16223286131511874
cat_to_ord,0.07828619511171489,0.06283863888277273,0.08981935188922764,0.4979386122235657,1.0,0.16946559678968745,0.2868079788957241
to_cart,0.5528063866835781,0.975736274305506,0.5598886121383333,0.3393808437032354,0.16946559678968745,1.0,0.5725064685804166
to_ord,0.4702059401125191,0.5660788718620643,0.9798768806470343,0.16223286131511874,0.2868079788957241,0.5725064685804166,1.0
