feature,role,mean,std,nonzero_share,p90,p95,p99,max
searches,feature,1.237926815562242,3.5298665249046244,0.3097533787878,4.0,6.0,15.0,305.0
search_to_cart,feature,0.36037310152541907,1.474963552164666,0.13650258716094632,1.0,2.0,6.0,157.0
search_to_ord,feature,0.10195457939686373,0.5743625624724217,0.06015564161871443,0.0,1.0,2.0,57.0
cat_to_cart,feature,0.029210500949712247,0.3433182546714473,0.015677351412729464,0.0,0.0,1.0,71.0
cat_to_ord,feature,0.006203026840319955,0.1196720574477212,0.004548379729712975,0.0,0.0,0.0,34.0
to_cart,feature,0.3895836024751313,1.5556910800545578,0.1447774225661549,1.0,2.0,7.0,157.0
to_ord,target,0.10815760623718368,0.5971274970027696,0.06321175923344682,0.0,1.0,2.0,59.0
