{
  "channels": [
    "searches",
    "to_cart",
    "to_ord"
  ],
  "threshold_fraction": 0.1,
  "source_ch22": "diploma/reports/22_profile_all_alphas_unreg/summary.json",
  "source_ch19": "diploma/reports/19_joint_reg_sweep/summary.json",
  "personalized_gp_test_nll": {
    "searches": 2.251924541952565,
    "to_cart": 1.0321488433530412,
    "to_ord": 0.40958807234872613
  },
  "records": [
    {
      "target_idx": 0,
      "source_idx": 0,
      "target": "searches",
      "source": "searches",
      "anchor_pin_val": 0.13068969061496294,
      "pg_test_nll": 2.251924541952565,
      "min_test_nll": 2.0852872219955554,
      "argmin_alpha": 0.209104,
      "gain_over_pg": 0.16663731995700948,
      "threshold": 2.101950953991256,
      "alpha_lo": 0.11541780905085022,
      "alpha_hi": 0.261379,
      "alpha_mid": 0.1883984045254251,
      "width": 0.14596119094914975,
      "interval_status": "ok",
      "grid": [
        0.0,
        0.026138,
        0.052276,
        0.078414,
        0.104552,
        0.13069,
        0.156828,
        0.182966,
        0.209104,
        0.235241,
        0.261379
      ],
      "test_nll": [
        2.1836448135116795,
        2.1545306775932063,
        2.1336463963113057,
        2.117672543834656,
        2.105627634704046,
        2.096783278980403,
        2.09106491810624,
        2.086659573814449,
        2.0852872219955554,
        2.0870939728284075,
        2.091756903295638
      ]
    },
    {
      "target_idx": 0,
      "source_idx": 1,
      "target": "searches",
      "source": "to_cart",
      "anchor_pin_val": 0.0279195445951976,
      "pg_test_nll": 2.251924541952565,
      "min_test_nll": 2.0967241520556676,
      "argmin_alpha": 0.03,
      "gain_over_pg": 0.15520038989689722,
      "threshold": 2.1122441910453573,
      "alpha_lo": 0.0,
      "alpha_hi": 0.1,
      "alpha_mid": 0.05,
      "width": 0.1,
      "interval_status": "ok",
      "grid": [
        0.0,
        0.01,
        0.02,
        0.03,
        0.04,
        0.05,
        0.06,
        0.07,
        0.08,
        0.09,
        0.1
      ],
      "test_nll": [
        2.0974182506588317,
        2.097130258324593,
        2.09690062787921,
        2.0967241520556676,
        2.096734216613633,
        2.0968833320583196,
        2.0971161629196913,
        2.0973399635951653,
        2.097736439824433,
        2.097975004109073,
        2.098669927581203
      ]
    },
    {
      "target_idx": 0,
      "source_idx": 2,
      "target": "searches",
      "source": "to_ord",
      "anchor_pin_val": 0.0,
      "pg_test_nll": 2.251924541952565,
      "min_test_nll": 2.096737233878534,
      "argmin_alpha": 0.0,
      "gain_over_pg": 0.15518730807403092,
      "threshold": 2.112255964685937,
      "alpha_lo": 0.0,
      "alpha_hi": 0.1,
      "alpha_mid": 0.05,
      "width": 0.1,
      "interval_status": "ok",
      "grid": [
        0.0,
        0.01,
        0.02,
        0.03,
        0.04,
        0.05,
        0.06,
        0.07,
        0.08,
        0.09,
        0.1
      ],
      "test_nll": [
        2.096737233878534,
        2.0967776711805666,
        2.0968361481802775,
        2.0969278030881195,
        2.097020722823632,
        2.097127042191124,
        2.097230493122065,
        2.097357783224479,
        2.09754108678756,
        2.097670864991509,
        2.097797338877243
      ]
    },
    {
      "target_idx": 1,
      "source_idx": 0,
      "target": "to_cart",
      "source": "searches",
      "anchor_pin_val": 0.016102908358572865,
      "pg_test_nll": 1.0321488433530412,
      "min_test_nll": 0.9870559298567633,
      "argmin_alpha": 0.02,
      "gain_over_pg": 0.045092913496277975,
      "threshold": 0.991565221206391,
      "alpha_lo": 0.0023789506168273777,
      "alpha_hi": 0.048214567595414565,
      "alpha_mid": 0.02529675910612097,
      "width": 0.045835616978587186,
      "interval_status": "ok",
      "grid": [
        0.0,
        0.01,
        0.02,
        0.03,
        0.04,
        0.05,
        0.06,
        0.07,
        0.08,
        0.09,
        0.1
      ],
      "test_nll": [
        0.99262971544693,
        0.9881550776254916,
        0.9870559298567633,
        0.9874919222409689,
        0.989269827511206,
        0.9920641239468045,
        0.9959941587688798,
        1.0006642136322141,
        1.0050423973714142,
        1.0103106301546714,
        1.0165877430975034
      ]
    },
    {
      "target_idx": 1,
      "source_idx": 1,
      "target": "to_cart",
      "source": "to_cart",
      "anchor_pin_val": 0.07164429210292993,
      "pg_test_nll": 1.0321488433530412,
      "min_test_nll": 0.9843116509401654,
      "argmin_alpha": 0.114631,
      "gain_over_pg": 0.04783719241287587,
      "threshold": 0.989095370181453,
      "alpha_lo": 0.047405399134378474,
      "alpha_hi": 0.143289,
      "alpha_mid": 0.09534719956718923,
      "width": 0.09588360086562153,
      "interval_status": "ok",
      "grid": [
        0.0,
        0.014329,
        0.028658,
        0.042987,
        0.057315,
        0.071644,
        0.085973,
        0.100302,
        0.114631,
        0.12896,
        0.143289
      ],
      "test_nll": [
        1.000312220280479,
        0.9962328259574479,
        0.9928770655729408,
        0.989615273748128,
        0.9879293286633214,
        0.9862867841789507,
        0.9853534504658241,
        0.9846843465906072,
        0.9843116509401654,
        0.9844895170667706,
        0.984807092194739
      ]
    },
    {
      "target_idx": 1,
      "source_idx": 2,
      "target": "to_cart",
      "source": "to_ord",
      "anchor_pin_val": 0.0,
      "pg_test_nll": 1.0321488433530412,
      "min_test_nll": 0.9872841464189352,
      "argmin_alpha": 0.0,
      "gain_over_pg": 0.044864696934105996,
      "threshold": 0.9917706161123458,
      "alpha_lo": 0.0,
      "alpha_hi": 0.1,
      "alpha_mid": 0.05,
      "width": 0.1,
      "interval_status": "ok",
      "grid": [
        0.0,
        0.01,
        0.02,
        0.03,
        0.04,
        0.05,
        0.06,
        0.07,
        0.08,
        0.09,
        0.1
      ],
      "test_nll": [
        0.9872841464189352,
        0.9874369501203781,
        0.9875943302381225,
        0.9878151118565446,
        0.9879639268071821,
        0.9880695209356938,
        0.9883119610124167,
        0.988743964872607,
        0.9890163628852583,
        0.9895424586031754,
        0.9898580497101088
      ]
    },
    {
      "target_idx": 2,
      "source_idx": 0,
      "target": "to_ord",
      "source": "searches",
      "anchor_pin_val": 0.00534843770241596,
      "pg_test_nll": 0.40958807234872613,
      "min_test_nll": 0.4007962620017345,
      "argmin_alpha": 0.01,
      "gain_over_pg": 0.008791810346991613,
      "threshold": 0.40167544303643365,
      "alpha_lo": 0.007974188926592959,
      "alpha_hi": 0.013934059853360138,
      "alpha_mid": 0.010954124389976548,
      "width": 0.005959870926767179,
      "interval_status": "ok",
      "grid": [
        0.0,
        0.01,
        0.02,
        0.03,
        0.04,
        0.05,
        0.06,
        0.07,
        0.08,
        0.09,
        0.1
      ],
      "test_nll": [
        0.40513615848191575,
        0.4007962620017345,
        0.40303105523689137,
        0.4080983670804518,
        0.41657159040210945,
        0.42737055561844894,
        0.44000992808136347,
        0.45416690211956456,
        0.4694483710660675,
        0.4858035849278337,
        0.5029520588376746
      ]
    },
    {
      "target_idx": 2,
      "source_idx": 1,
      "target": "to_ord",
      "source": "to_cart",
      "anchor_pin_val": 0.00539009875020842,
      "pg_test_nll": 0.40958807234872613,
      "min_test_nll": 0.4009358749954221,
      "argmin_alpha": 0.01,
      "gain_over_pg": 0.008652197353304025,
      "threshold": 0.4018010947307525,
      "alpha_lo": 0.0,
      "alpha_hi": 0.0280450371039845,
      "alpha_mid": 0.01402251855199225,