{
  "n_blocks": 13,
  "models": {
    "Global Poisson": {
      "n": 13,
      "mean_nll": 0.40443033684680985,
      "median_nll": 0.400287750063143,
      "std_nll": 0.03462322942899782,
      "min_nll": 0.3356762392707844,
      "max_nll": 0.4521178644914553
    },
    "Rolling Poisson": {
      "n": 13,
      "mean_nll": 0.4044729392707359,
      "median_nll": 0.3999423330274916,
      "std_nll": 0.034681942236845155,
      "min_nll": 0.3355668834436823,
      "max_nll": 0.4520919044815678
    },
    "Rolling Seasonal": {
      "n": 13,
      "mean_nll": 0.4046791049039602,
      "median_nll": 0.3997806392198045,
      "std_nll": 0.034751567885005843,
      "min_nll": 0.335652012110862,
      "max_nll": 0.4521589461206913
    },
    "Personalized Gamma-Poisson": {
      "n": 13,
      "mean_nll": 0.3714873103335062,
      "median_nll": 0.3699372954970784,
      "std_nll": 0.035397385338331505,
      "min_nll": 0.3033480680814712,
      "max_nll": 0.4215123001305136
    },
    "Pooled Hawkes (c·b_t + α^T s)": {
      "n": 13,
      "mean_nll": 0.35590684764972047,
      "median_nll": 0.3524899990393528,
      "std_nll": 0.03251581181018783,
      "min_nll": 0.2963601977432598,
      "max_nll": 0.4023841118162731
    },
    "Scaled-baseline Hawkes": {
      "n": 13,
      "mean_nll": 0.3714873107601692,
      "median_nll": 0.3699372956200205,
      "std_nll": 0.035397385494974086,
      "min_nll": 0.3033480681205854,
      "max_nll": 0.4215123004900623
    },
    "Joint Hawkes (λ_u + α)": {
      "n": 13,
      "mean_nll": 0.3630068966611501,
      "median_nll": 0.3559740859124786,
      "std_nll": 0.03565234568999167,
      "min_nll": 0.2987812731991799,
      "max_nll": 0.4152183761943565
    },
    "GBDT (experimental)": {
      "n": 13,
      "mean_nll": 0.34500572870379875,
      "median_nll": 0.3419354041562902,
      "std_nll": 0.031185285654333268,
      "min_nll": 0.2906290905845199,
      "max_nll": 0.3906748363659896
    }
  }
}