{
  "n_blocks": 13,
  "block_len_days": 21,
  "train_len_days": 14,
  "test_len_days": 7,
  "models": {
    "Global Poisson": {
      "n": 13,
      "mean_nll": 0.40443033684680985,
      "median_nll": 0.400287750063143,
      "std_nll": 0.03462322942899783,
      "min_nll": 0.3356762392707844,
      "max_nll": 0.4521178644914553
    },
    "Rolling Poisson": {
      "n": 13,
      "mean_nll": 0.4044729392707359,
      "median_nll": 0.39994233302749166,
      "std_nll": 0.034681942236845134,
      "min_nll": 0.33556688344368235,
      "max_nll": 0.4520919044815678
    },
    "Rolling Seasonal": {
      "n": 13,
      "mean_nll": 0.4046791049039602,
      "median_nll": 0.3997806392198045,
      "std_nll": 0.034751567885005843,
      "min_nll": 0.33565201211086204,
      "max_nll": 0.45215894612069135
    },
    "Personalized Gamma-Poisson": {
      "n": 13,
      "mean_nll": 0.37148731033350624,
      "median_nll": 0.36993729549707843,
      "std_nll": 0.03539738533833149,
      "min_nll": 0.30334806808147124,
      "max_nll": 0.4215123001305136
    },
    "Scaled-baseline Hawkes": {
      "n": 13,
      "mean_nll": 0.3714873107601692,
      "median_nll": 0.36993729562002053,
      "std_nll": 0.03539738549497408,
      "min_nll": 0.3033480681205854,
      "max_nll": 0.4215123004900623
    },
    "GBDT (experimental)": {
      "n": 13,
      "mean_nll": 0.34500572870379875,
      "median_nll": 0.3419354041562902,
      "std_nll": 0.031185285654333268,
      "min_nll": 0.29062909058451997,
      "max_nll": 0.39067483636598965
    }
  }
}