{
  "test_panel": {
    "rows": 513118
  },
  "test_metrics_joint_hawkes": {
    "poisson_loglik": -202721.11550823448,
    "mean_poisson_nll": 0.39507699107853256,
    "mean_poisson_deviance": 0.6178120496010663,
    "mae": 0.21562480633454273,
    "rmse": 0.6290989303321314,
    "aggregate_bias": -0.006532910583166185,
    "relative_aggregate_bias": -0.050442465015620594,
    "mean_target": 0.12951212001917686,
    "mean_prediction": 0.12297920943601068
  },
  "fit_params": {
    "lambda_l2": 1.0,
    "alpha_l2": 0.0001,
    "alpha_norm": 0.032373448497977006,
    "alpha": [
      0.0038004504917345857,
      0.0005188375238187916,
      0.0,
      0.0019182359533792776,
      0.0,
      0.0,
      0.0014037254327938836,
      0.0020139239978740346,
      0.0,
      0.03199408675368308
    ],
    "lambda_stats": {
      "mean": 0.6493812170102603,
      "median": 0.36932669323848016,
      "std": 0.8149433511894334,
      "p05": 0.03376044202750995,
      "p95": 1.9696193750383026,
      "frac_at_lower_bound": 0.026389725065221754
    }
  }
}