target,test_nll,n_iter,fit_seconds
searches,2.051571517211021,352,45.07255411148071
to_cart,0.9569313099183572,231,30.615711212158203
to_ord,0.3877392442023828,124,19.199553966522217
