target,searches,to_cart,to_ord
searches,0.12691140644221063,0.023968560836760047,0.0
to_cart,0.010321941002378158,0.07126688974594951,0.0
to_ord,0.0029780867021927263,0.004555955073536343,0.019417923253765807
