channel,c
searches,0.7316421644495847
to_cart,0.7915483202112457
to_ord,0.8583170310841388
