target,searches,cat_to_cart,cat_to_ord,to_cart,to_ord
searches,0.1274916012407694,0.023797233510431896,0.0,0.020779928636267278,0.0
cat_to_cart,0.0,0.02529309957660035,0.0,0.0005376512787855485,0.0
cat_to_ord,0.0,0.0022692510494436934,0.0031437485855256918,0.0,0.0
to_cart,0.01040238578760057,0.012211766627601438,0.0,0.07016515200187365,0.0
to_ord,0.002993794400020485,0.001466262822982636,0.0,0.004392922554370308,0.01948233172326992
