channel,c
searches,0.7313199550352659
cat_to_cart,0.9355533193394857
cat_to_ord,0.9726549856388512
to_cart,0.7913397327828963
to_ord,0.8581925894861879
