model,test_mean_poisson_nll,test_poisson_loglik,test_mae,test_rmse,test_aggregate_bias,test_relative_aggregate_bias,test_mean_prediction
Global Poisson,0.430594542162448,-39529.00956505489,0.2074380806226736,0.621244530784605,-0.016592791261872658,-0.13915903806241292,0.10264338263601516
Seasonal Poisson,0.43069522054986176,-39538.25194169786,0.20746292465609628,0.621258907745169,-0.01656806585604219,-0.13895167309067505,0.10266810804184563
Rolling Poisson,0.4327348185155941,-39725.48907455005,0.24552048732790546,0.6219623010263774,0.028736087987006692,0.24100142639276462,0.1479722618848945
Rolling Seasonal,0.43269486753465547,-39721.82153454891,0.24543333403331066,0.6219296185275359,0.028622936391669906,0.2400524560288406,0.14785911028955773
Personalized Gamma-Poisson,0.3911871643558436,-35911.3728750308,0.24382598355825977,0.6200835281841047,0.05237976170163758,0.4392942174284699,0.1716159355995254
Scaled-baseline Hawkes,0.38296298292273834,-35156.3847952903,0.23408645353423263,0.6100645062687932,0.03975852849738093,0.3334435112907059,0.15899470239526875
GBDT (experimental),0.3974617210455686,-36487.38345370424,0.19143997276497426,0.6119374011088506,-0.02303976935105506,-0.19322801627957298,0.09619640454683276
