,searches,to_cart,to_ord
searches,0.10196868808931159,0.01963547000381908,0.0
to_cart,0.011920380176360936,0.06510461898260755,0.0
to_ord,0.0039476107819585,0.0051176153604523475,0.03827664534279511
